id,interest,year,pid,gender,activity,pride,routine,outoftouch,fbcommunity,shutdown,friends,time,trust,job,loan,advice,notimportant,connected,spendtime,newthings,community,newpeople,group,motives,dontshare,depend,dontunderstand,alone,cares,support,romantic,needromance,agreeable,conscientious,extraverted,neurotic,open,facebook,linkedin,degree,cluster,effective,constraint,hierarchy,betweenness,isolates,fdegree,mdegree,odegree,pisolates
Wildcat001,6,2,1,1,1,3,2,1,1,1,1,1,1,4,1,1,2,2,4,4,1,4,2,2,2,1,4,4,2,4,1,4,,,,,,0,1,4,,-1.5,,8.33,3,,,,,
Wildcat002,5,2,3,1,1,3,1,2,2,3,1,1,4,4,4,5,3,4,4,2,4,2,4,3,1,4,2,1,5,5,3,1,21,77,54,54,83,0,1,6,15,3,31.48,3.7,12,,,,,
Wildcat003,5,2,3,0,1,3,1,3,2,4,5,1,4,4,4,5,2,5,4,4,5,4,,,,,,,,,,,,,,,,0,1,9,0.3542,-2.3,31.11,5.19,20.5,,,,,
Wildcat004,5,2,5,1,2,4,2,1,4,4,5,1,4,5,5,5,1,4,4,4,5,5,5,5,2,5,1,4,5,5,1,3,77,46,77,73,61,0,1,186,14.02,82.199997,2.0799999,0.63,10048.9,,,,,
Wildcat005,4,2,1,1,4,3,2,3,2,3,5,2,4,2,3,3,4,2,2,3,4,1,2,2,2,2,4,3,5,5,3,4,100,75,73,35,79,0,1,37,27.52,-2.6,8.82,2.01,404.9,,,,,
Wildcat006,6,3,3,1,1,1,1,1,1,1,1,1,1,4,5,4,2,2,4,4,2,2,4,5,2,5,2,1,5,2,1,5,67,73,88,42,81,0,1,33,11.22,18.6,8.8,2.01,451,,,,,
Wildcat007,5,3,3,1,1,3,1,1,3,3,4,1,2,4,3,4,2,3,3,4,3,4,2,4,1,4,1,4,4,4,1,4,,,,,,0,1,22,0.2359,2.2,15.21,4.15,163,,,,,
Wildcat008,5,3,2,0,1,3,1,1,2,2,2,1,3,5,3,4,4,3,3,4,4,4,4,4,5,4,4,4,4,5,1,5,,,,,,0,1,8,0.7768,-13.8,38.92,8,7.5,,,,,
Wildcat009,4,3,2,1,1,1,1,1,1,1,1,1,3,2,4,5,1,5,4,5,5,3,4,5,1,5,2,1,5,5,5,5,,,,,,0,1,9,0.0764,6.6,21.49,3.18,32,,,,,
Wildcat010,5,3,3,0,1,3,1,2,4,4,3,2,3,4,5,5,2,3,4,4,4,4,5,4,1,5,2,1,5,4,5,2,71,67,81,12,77,0,1,4,,6,,0,6,,,,,
Wildcat011,5,3,4,1,1,3,1,2,2,3,1,1,4,4,4,5,3,3,3,4,3,2,4,4,2,3,2,2,4,3,2,3,,,,,,0,1,3,,1.7,,5.56,2,,,,,
Wildcat012,5,3,6,0,1,3,1,1,2,2,5,2,4,3,5,5,1,4,2,4,4,4,,,,,,,,,,,81,38,50,27,65,0,1,3,-25,5,33.330002,0,3,,,,,
Wildcat013,4,3,4,0,1,3,1,1,1,1,2,1,5,5,4,5,3,4,4,2,4,5,4,4,4,5,2,4,4,5,5,4,20,81,91,50,100,0,1,499,3.39,431.5,0.89,0.35,110898.5,,,,,
Wildcat014,4,3,4,0,1,3,4,3,1,1,5,3,5,4,4,5,1,5,5,5,5,3,4,4,3,5,1,1,5,5,5,3,40,58,59,81,88,0,1,1,,,,,,,,,,
Wildcat015,5,3,4,0,1,1,1,1,1,1,2,1,5,4,5,4,4,4,4,4,4,4,5,5,4,2,3,1,5,5,5,3,35,75,46,40,75,0,1,23,5,44,15,8,3,,,,,
Wildcat016,6,3,3,0,1,3,1,1,1,1,1,1,5,5,5,5,1,4,3,4,5,3,5,5,1,5,1,1,5,5,5,1,38,90,79,25,42,0,1,6,40,-2,39.58,6.25,9,,,,,
Wildcat017,2,3,3,0,1,2,1,1,1,1,5,1,5,4,4,5,1,3,3,4,5,4,5,3,1,4,2,4,1,5,1,4,52,62,60,46,83,0,1,1,,,,,,,,,,
Wildcat018,4,3,6,0,1,1,1,1,1,1,1,1,5,5,5,5,1,4,4,3,5,4,5,5,1,5,1,1,5,5,5,1,,,,,,0,1,8,-0.0714,10,12.5,0,28,,,,,
Wildcat019,6,3,3,0,1,3,1,1,1,4,2,1,5,5,4,4,2,4,3,3,3,4,5,5,1,5,2,2,5,4,5,1,,,,,,0,1,25,0.2,5.8,11.75,2.35,215.7,,,,,
Wildcat020,6,3,4,0,1,3,1,1,1,3,1,1,5,4,4,5,1,5,3,5,5,4,,,,,,,,,,,60,54,67,54,60,0,1,49,26.38,-1.7,7.5300002,2.0699999,622.79999,,,,,
Wildcat021,5,3,5,0,1,3,1,1,1,1,2,1,5,4,1,5,1,1,3,4,4,3,,,,,,,,,,,,,,,,0,1,7,0.1548,3.3,30.27,3.74,17,,,,,
Wildcat022,3,3,3,1,1,3,1,1,1,1,4,1,,,,,,,,,,,,,,,,,,,,,58,90,83,31,60,0,1,21,-0.12,21.1,7.0300002,0.44999999,206,,,,,
Wildcat023,4,3,4,0,2,2,2,4,1,3,3,1,2,4,2,4,4,4,4,5,5,2,3,2,5,2,4,3,5,5,5,1,38,69,60,46,38,0,1,6,23.33,1.3,43.78,11.56,11,,,,,
Wildcat024,3,3,4,0,2,3,1,1,1,1,2,1,2,4,4,3,2,2,2,3,4,4,4,3,1,2,1,4,3,3,1,3,,,,,,0,1,26,-0.02,28,3.85,0,325,,,,,
Wildcat025,6,3,6,1,2,3,2,2,2,2,5,1,2,4,4,5,2,5,4,4,4,5,5,5,2,5,1,1,5,5,3,4,85,83,83,25,73,0,1,280,3.78,232.2,1.07,0.32,36900.7,,,,,
Wildcat026,6,3,6,0,2,2,2,2,1,1,1,1,3,3,3,3,3,2,3,3,3,4,3,3,3,3,3,3,3,3,3,3,61,62,71,75,92,0,1,11,8.64,7.5,19.17,3.25,46.5,,,,,
Wildcat027,4,3,2,1,2,3,2,1,1,2,5,1,4,4,2,4,4,4,3,4,3,2,3,4,3,4,4,2,5,4,5,1,42,75,46,56,71,0,1,5,37.5,-1,59.4,16.64,6,,,,,
Wildcat028,6,3,4,1,2,3,2,2,2,2,1,1,4,2,4,4,2,4,4,4,4,2,4,4,2,4,2,1,4,4,4,2,29,62,67,46,71,0,1,3,,5,,0,3,,,,,
Wildcat029,6,3,3,1,2,2,2,2,2,2,5,2,4,3,1,5,3,4,4,4,4,5,4,4,2,5,1,1,5,5,5,2,64,58,62,33,79,0,1,254,42.69,-178,1.61,0.46,5525.7,,,,,
Wildcat030,5,3,1,1,3,2,2,1,1,2,3,4,1,4,5,2,4,5,4,3,3,2,5,4,1,3,4,2,4,2,1,4,19,69,42,69,52,0,1,4,,1,,7.64,4,,,,,
Wildcat031,5,3,1,0,3,4,4,2,2,2,1,3,1,4,4,4,2,4,2,5,4,2,5,4,2,4,2,4,2,3,3,2,50,77,81,33,54,0,1,9,35.42,-2.3,30.29,6.03,22.5,,,,,
Wildcat032,4,3,1,0,3,3,2,4,3,1,5,3,2,5,1,1,4,2,4,2,3,2,3,2,3,2,4,2,2,3,2,2,,,,,,0,1,17,0.1434,7.8,14.06,2.28,113.5,,,,,
Wildcat033,6,3,2,0,3,3,4,2,2,3,1,3,3,3,2,1,2,3,3,3,4,2,4,4,2,4,2,1,4,4,4,2,,,,,,0,1,3,,5,,0,3,,,,,
Wildcat034,5,3,2,0,3,3,2,2,1,1,2,1,3,1,1,1,4,5,3,5,5,5,,,,,,,,,,,85,83,67,19,79,0,1,4,,6,,0,6,,,,,
Wildcat035,4,3,3,1,3,3,2,1,2,1,2,2,4,3,5,5,2,4,3,3,2,4,3,2,1,4,2,1,5,5,1,1,,,,,,0,1,34,0.152,13.9,9.07,1.93,422.4,,,,,
Wildcat036,5,3,5,0,3,4,2,2,3,4,5,2,4,5,4,5,2,5,4,4,4,3,4,5,1,4,2,1,5,5,1,4,44,65,46,40,69,0,1,58,30.73,-12.1,6.49,1.73,749.5,,,,,
Wildcat037,4,3,5,0,3,4,4,3,3,3,1,1,4,3,4,4,3,4,4,4,4,4,4,3,1,4,1,3,5,4,3,4,,,,,,0,1,10,0.5833,-11,29.6,6.02,18.9,,,,,
Wildcat038,5,3,4,0,3,3,3,3,3,3,1,1,4,4,4,3,4,3,4,4,3,3,5,4,4,4,4,2,5,4,4,4,,,,,,0,1,2,,4,,0,1,,,,,
Wildcat039,3,3,4,0,3,2,3,1,1,3,2,1,4,4,4,4,3,3,3,3,3,4,,,,,,,,,,,62,44,56,54,77,0,1,11,33.64,-2.5,23.59,4.27,35.5,,,,,
Wildcat040,2,3,6,1,3,3,3,4,4,3,5,3,5,4,5,5,2,4,4,5,5,5,2,5,2,4,1,1,5,5,5,3,88,73,60,50,90,0,1,258,13.54,118.8,1.49,0.44,20209.7,,,,,
Wildcat041,6,3,4,0,3,3,3,3,3,3,1,2,,,,,,,,,,,1,1,3,3,3,1,5,5,3,3,,,,,,0,1,12,0.2955,-1,21.59,3.93,44.5,,,,,
Wildcat042,6,3,3,0,4,3,3,1,2,1,2,1,2,5,1,4,2,4,2,2,2,5,2,4,1,3,1,2,5,2,1,5,,,,,,0,1,32,0.2712,-1.6,10.45,2.4,310.9,,,,,
Wildcat043,3,3,3,0,4,5,3,4,3,3,5,4,2,5,5,5,3,4,4,4,3,5,4,3,3,3,3,1,5,4,1,3,58,71,81,38,52,0,1,1,,,,,,,,,,
Wildcat044,5,3,5,0,4,1,2,1,2,2,2,3,2,2,4,4,1,2,2,2,2,4,4,4,2,5,1,1,5,5,5,1,,,,,,0,1,17,0.4283,-10.4,19.32,4.3,67.4,,,,,
Wildcat045,5,3,4,0,4,3,4,2,3,4,3,1,3,2,3,4,4,2,3,3,4,2,2,3,2,2,2,2,4,4,3,3,,,,,,0,1,18,-0.0294,20,5.56,0,153,,,,,
Wildcat046,3,3,5,0,4,3,4,2,2,4,5,5,4,4,4,5,2,5,3,4,5,2,2,3,2,4,3,1,5,5,1,5,55,41,76,40,82,0,1,212,12.64,105.3,1.85,0.52,12966.4,,,,,
Wildcat047,2,3,4,0,4,3,3,1,1,1,1,1,4,3,2,4,3,1,1,1,1,2,3,3,2,4,3,4,4,1,1,4,50,42,31,62,17,0,1,3,-25,5,33.330002,0,3,,,,,
Wildcat048,4,3,2,0,4,3,4,4,3,4,5,4,4,3,4,4,2,3,4,3,4,2,4,4,1,5,1,2,5,4,1,3,48,31,29,27,52,0,1,53,38.77,-27.6,7.1700001,1.86,422.79999,,,,,
Wildcat049,6,3,3,1,4,2,4,3,2,1,5,3,4,4,5,5,2,4,4,3,3,4,4,4,2,4,2,2,5,5,5,1,58,71,33,62,77,0,1,6,-10,8,16.67,0,15,,,,,
Wildcat050,4,3,2,0,4,3,1,1,4,3,5,1,4,4,1,4,2,5,5,5,5,5,4,4,1,5,1,1,5,5,5,2,58,77,79,42,98,0,1,195,12.87,95.2,2.09,0.68,11765.3,,,,,
Wildcat051,5,3,2,1,4,5,4,3,4,4,4,5,4,4,5,5,1,4,3,4,4,5,4,4,1,5,1,1,5,5,1,4,,,,,,0,1,76,0.2499,1,4.69,1.2,1685.6,,,,,
Wildcat052,4,3,2,1,4,3,2,4,4,3,1,1,4,3,4,4,4,4,2,3,3,2,,,,,,,,,,,28,60,31,31,53,0,1,27,107.76,-85.099998,14.21,3.48,11.8,,,,,
Wildcat053,4,3,7,0,4,3,3,3,3,3,5,3,5,4,3,5,1,4,4,5,4,2,4,4,4,4,2,1,5,5,1,1,,,,,,0,1,45,0.2033,9.2,7.22,1.69,709.1,,,,,
Wildcat054,6,3,6,0,4,3,3,2,2,2,5,3,5,4,4,5,2,5,5,5,5,5,5,5,3,5,1,1,5,5,2,2,84,62,67,33,46,0,1,154,30.56,-33,2.55,0.69,3971,,,,,
Wildcat055,5,3,1,0,4,4,4,2,2,3,5,2,5,5,4,5,3,5,4,5,5,2,,,,,,,,,,,64,63,75,78,100,0,1,127,12.88,62.1,2.83,0.75,5513.9,,,,,
Wildcat056,4,3,4,1,4,3,4,2,3,3,4,3,5,4,4,5,1,4,4,4,3,4,,,,,,,,,,,,,,,,0,1,12,0.3144,-1.8,21.71,3.88,43.5,,,,,
Wildcat057,5,3,3,1,5,5,5,3,5,4,4,5,1,5,5,4,1,5,4,2,4,5,2,4,1,5,1,1,5,5,3,4,,,,,,0,1,122,0.2519,0.1,3.34,1.05,3407.7,,,,,
Wildcat058,5,3,4,0,5,4,5,4,3,3,5,2,1,1,1,1,1,4,3,4,4,4,5,4,1,5,1,1,5,5,1,4,,,,,,0,1,216,0.2152,31,1.8,0.49,10545,,,,,
Wildcat059,7,3,7,1,5,3,5,4,5,5,3,4,2,5,1,5,2,3,4,4,4,4,2,5,2,4,2,1,5,5,5,1,,,,,,0,1,23,0.0415,19.3,8.84,1.31,238,,,,,
Wildcat060,4,3,2,1,5,3,5,2,4,3,5,4,2,3,4,5,2,2,4,4,5,5,3,4,1,4,1,1,5,5,4,2,,,,,,0,1,9,0.5625,-9,34.9,7.9,13.3,,,,,
Wildcat061,6,3,2,1,5,4,5,2,4,2,5,5,2,5,5,5,1,4,5,5,5,5,5,5,1,5,1,1,5,5,1,4,,,,,,0,1,28,0.3155,-6.1,12.33,3.11,207.3,,,,,
Wildcat062,7,3,2,1,5,5,5,4,3,4,5,4,3,4,5,5,2,3,4,5,5,5,4,4,1,5,1,1,5,5,1,3,,,,,,0,1,113,0.2308,9.6,3.48,1.07,3027,,,,,
Wildcat063,5,3,2,1,5,5,5,4,5,5,5,6,3,4,4,5,1,5,5,5,5,5,5,5,1,4,1,1,5,5,5,4,94,90,71,17,81,0,1,130,-0.39,132,0.77,0,8385,,,,,
Wildcat064,6,3,5,1,5,5,5,4,4,4,4,1,4,3,2,4,2,3,3,4,4,4,3,3,3,3,3,3,3,3,3,3,,,,,,0,1,16,0.2167,3,18.63,4.15,83.5,,,,,
Wildcat065,4,3,6,0,5,3,4,4,4,5,5,3,4,3,4,5,2,4,5,3,4,4,4,3,4,3,4,4,4,5,2,3,,,,,,0,1,8,0.0179,7.5,20.31,1.56,25.5,,,,,
Wildcat066,7,3,4,1,5,5,5,4,5,3,5,5,4,4,5,5,1,3,5,4,3,2,4,4,2,4,2,1,5,5,1,4,,,,,,0,1,121,0.1949,27.5,3.04,0.81,4375.2,,,,,
Wildcat067,5,3,5,1,5,4,5,3,4,3,3,4,4,4,5,5,2,4,5,5,5,5,5,5,1,4,2,2,4,5,5,1,75,80,90,70,76,0,1,8,33.04,-1.3,33.08,5.69,17,,,,,
Wildcat068,6,3,6,1,5,5,5,4,5,4,5,3,4,4,5,5,1,5,5,5,5,5,5,4,1,5,1,1,5,5,1,4,,,,,,0,1,111,0.1662,37.9,3.37,0.89,3495.5,,,,,
Wildcat069,6,3,1,1,5,3,4,4,5,3,1,5,4,4,2,5,1,5,5,5,5,5,5,5,1,3,1,1,5,5,5,1,,,,,,0,1,195,0.147,80.9,2.04,0.63,11130.1,,,,,
Wildcat070,6,3,2,1,5,4,5,5,4,3,5,4,5,5,4,5,2,4,4,4,4,4,5,4,1,4,2,1,5,5,1,2,56,69,69,60,65,0,1,6,-10,8,16.67,0,15,,,,,
Wildcat071,4,3,3,1,5,5,5,4,4,4,5,4,5,4,3,4,2,4,4,4,4,4,5,5,2,5,2,2,5,5,3,3,56,57,50,65,54,0,1,12,44.7,-7.6999998,26.82,6.77,31.5,,,,,
Wildcat072,5,3,1,1,5,3,4,4,4,5,3,3,5,5,5,5,1,5,5,5,5,5,5,5,1,5,1,1,5,5,2,4,,,,,,0,1,15,0.1111,5.4,20.8,2.69,31,,,,,
Wildcat073,3,3,3,0,5,5,5,3,2,5,5,6,5,5,5,5,1,4,3,3,4,5,,,,,,,,,,,,,,,,0,1,70,0.3354,-22.6,5.41,1.41,807.4,,,,,
Wildcat074,5,3,3,1,5,3,5,4,3,5,5,3,5,5,5,5,1,4,4,5,5,4,,,,,,,,,,,,,,,,0,1,89,0.1715,28.6,3.9,1.08,2715.8,,,,,
Wildcat075,3,3,6,0,5,3,5,2,3,4,5,2,,,,,,,,,,,,,,,,,,,,,40,69,46,60,44,0,1,1,,,,,,,,,,
Wildcat076,5,3,4,0,5,1,5,2,3,4,3,2,,,,,,,,,,,,,,,,,,,,,77,71,71,42,69,0,1,119,8.72,98,1.81,1.36,7.91,,,,,
Wildcat077,5,3,3,1,5,5,4,4,5,4,5,4,,,,,,,,,,,5,5,1,5,1,2,5,5,2,2,,,,,,0,1,176,0.1523,69.4,2.17,0.6,9085.4,,,,,
Wildcat078,5,3,6,0,,,,,,,,,4,4,5,5,2,4,3,3,4,4,,,,,,,,,,,64,45,80,30,100,0,1,35,16.39,12.7,9.07,2.01,467.2,,,,,
Wildcat079,5,3,5,0,,,,,,,,,5,4,2,5,3,5,3,2,3,4,5,2,2,4,3,2,5,5,1,1,54,48,85,23,56,0,1,140,28.42,-18,2.82,0.79,3198.4,,,,,
Wildcat080,2,3,3,,,,,,,,,,,,,,,,,,,,,,,,,,,,,,51,50,70,11,82,0,1,63,24.48,2.3,5.31,1.34,1210.6,,,,,
Wildcat081,7,3,6,1,,,,,,,,,4,3,4,4,2,5,5,4,4,3,2,4,2,3,2,1,5,4,1,3,,,,,,0,1,162,0.1767,48.2,2.45,0.69,6445.5,,,,,
Wildcat082,5,3,3,0,,,,,,,,,5,4,4,4,2,4,3,3,4,4,4,4,2,4,4,1,5,5,3,3,,,,,,0,1,32,0.1754,10.3,10.57,2.93,373.7,,,,,
Wildcat083,3,3,3,0,,,,,,,,,,,,,,,,,,,,,,,,,,,,,,,,,,0,1,3,,1.7,,5.56,2,,,,,
Wildcat084,5,3,4,1,,,,,,,,,,,,,,,,,,,,,,,,,,,,,,,,,,0,1,24,0.3179,-5.3,13.47,3.07,170.4,,,,,
Wildcat085,6,3,5,1,,,,,,,,,,,,,,,,,,,,,,,,,,,,,,,,,,0,1,26,-0.02,28,3.85,0,325,,,,,
Wildcat086,1,4,1,1,1,3,1,1,3,3,2,1,1,5,5,4,1,3,4,5,5,4,4,4,3,5,4,1,5,5,5,1,65,85,90,31,85,0,1,40,2.24,36.5,4.99,0.74,752.5,,,,,
Wildcat087,1,4,4,0,1,1,1,1,1,1,1,1,1,1,1,1,1,3,4,3,3,1,5,5,1,5,1,2,5,5,1,5,42,54,46,23,92,0,1,6,15,3,31.48,3.7,12,,,,,
Wildcat088,5,4,4,0,1,2,3,2,1,4,2,3,1,4,4,4,4,1,2,2,1,3,,,,,,,,,,,,,,,,0,1,13,0.0865,8.8,16.13,2.42,68.5,,,,,
Wildcat089,5,4,4,0,1,1,1,1,1,1,1,1,2,4,4,4,3,5,4,2,2,5,2,4,3,4,2,1,5,5,5,1,,,,,,0,1,17,0.2169,3.1,17.27,3.41,94.7,,,,,
Wildcat090,5,4,3,1,1,3,1,2,3,2,1,1,2,4,4,4,3,3,4,2,2,4,3,4,3,4,2,4,3,4,1,1,50,44,21,56,33,0,1,2,-50,4,50,0,1,,,,,
Wildcat091,5,4,6,0,1,3,1,1,1,4,1,1,2,4,5,5,2,3,4,4,3,4,4,4,2,4,3,1,5,5,1,1,,,,,,0,1,3,,-5,,14.81,0,,,,,
Wildcat092,5,4,5,0,1,3,1,1,1,1,5,1,2,5,3,4,1,4,4,4,4,4,5,5,1,5,1,1,5,5,1,1,71,56,62,25,39,0,1,5,-12,7,20,0,10,,,,,
Wildcat093,2,4,1,1,1,3,1,1,3,3,5,1,2,5,5,5,1,4,4,5,5,4,5,5,1,5,1,1,5,5,3,1,98,71,90,20,90,0,1,71,16.29,25.4,4.9099998,1.22,1739.1,,,,,
Wildcat094,5,4,5,0,1,3,1,1,1,1,1,1,3,4,3,4,4,5,3,4,3,2,4,4,2,4,1,1,5,5,5,1,50,56,48,27,77,0,1,80,34.3,-28.4,4.8400002,1.42,1254.4,,,,,
Wildcat095,4,4,2,0,1,3,4,2,2,1,1,3,3,4,1,5,2,4,2,5,5,5,4,5,1,5,1,1,5,5,5,1,,,,,,0,1,18,0.1013,11.1,14.28,2.94,131.5,,,,,
Wildcat096,6,4,1,0,1,1,1,1,1,1,2,1,3,5,5,5,4,5,4,4,4,2,4,5,2,2,2,1,5,5,5,4,,,,,,0,1,28,0.1931,7.1,10.32,2.25,279.4,,,,,
Wildcat097,5,4,4,0,1,2,1,3,3,2,4,1,3,4,4,4,2,3,4,4,4,4,5,5,2,4,2,3,5,4,2,4,,,,,,0,1,52,0.0552,40.7,5.3,1.1,1210,,,,,
Wildcat098,4,4,2,1,1,2,1,1,3,2,2,1,4,3,4,1,4,4,4,2,4,3,2,4,1,3,4,4,5,4,1,5,85,56,6,71,19,0,1,52,29.94,-9.1000004,6.5700002,1.61,772.09998,,,,,
Wildcat099,3,4,4,,1,1,1,1,1,1,1,1,4,4,4,5,2,4,4,4,4,4,4,3,2,3,1,1,5,5,1,3,40,59,62,62,59,0,1,16,26.88,-0.1,17.33,3.55,71,,,,,
Wildcat100,5,4,5,0,1,1,1,1,1,1,2,1,4,4,1,5,2,4,4,4,4,4,4,5,2,5,2,1,5,5,5,1,42,73,42,71,90,0,1,267,4.3,221.3,1.39,0.45,31210.9,,,,,
Wildcat101,2,4,2,0,1,1,1,1,1,1,5,1,4,4,4,4,3,4,3,3,3,4,4,2,5,3,4,2,5,3,1,1,,,,,,0,1,122,-0.0041,124,0.82,0,7381,,,,,
Wildcat102,3,4,2,0,1,3,1,1,1,1,3,1,4,5,3,5,1,4,4,4,4,5,5,5,1,5,1,1,5,5,5,1,81,59,85,43,38,0,1,5,12.5,3,40,4,8,,,,,
Wildcat103,6,4,4,1,1,3,1,1,3,4,5,1,4,3,3,5,1,3,4,5,5,5,5,5,1,5,1,2,5,5,1,5,88,96,79,42,85,0,1,5,0,5,30,2,9,,,,,
Wildcat104,2,4,3,0,1,3,1,1,1,1,2,1,4,5,1,5,1,5,5,5,5,4,,,,,,,,,,,67,62,35,0,92,0,1,31,14.73,13.3,10.09,2.29,365.7,,,,,
Wildcat105,1,4,5,0,1,1,1,1,1,1,3,1,5,3,1,5,5,5,2,1,1,5,1,1,5,1,5,5,1,3,1,3,71,62,43,66,100,0,1,3.3399999,1.92,4.8400002,2.49,0.72000003,3.4400001,,,,,
Wildcat106,5,4,3,0,1,1,1,1,1,1,5,1,5,5,5,5,1,5,5,5,5,2,4,4,1,5,1,1,5,5,5,1,41,69,61,54,60,0,1,34,30.12,-5.8000002,10.14,2.3599999,312.29999,,,,,
Wildcat107,5,4,4,0,1,1,1,1,1,2,5,1,5,4,4,5,3,2,4,3,4,2,4,4,2,4,3,1,5,4,1,4,52,58,52,58,56,0,1,3,,5,,0,3,,,,,
Wildcat108,6,4,3,0,1,1,1,1,1,1,1,1,5,4,4,4,3,4,4,4,3,2,4,4,2,4,2,1,5,5,1,4,52,46,56,62,54,0,1,5,-12.5,7,20,0,10,,,,,
Wildcat109,6,4,5,0,1,1,1,1,1,3,1,1,5,4,5,5,2,5,4,1,5,4,4,4,4,4,3,1,5,5,4,3,,,,,,0,1,15,0.0705,9.6,17.11,2.41,70,,,,,
Wildcat110,5,4,3,0,1,3,1,1,3,3,1,1,5,5,5,5,3,4,4,3,3,3,4,4,2,4,2,2,4,4,1,5,,,,,,0,1,91,0.1715,29.3,4.24,1.21,2489.3,,,,,
Wildcat111,5,4,2,0,1,3,1,4,1,2,5,1,5,5,4,5,2,4,3,5,4,5,5,4,1,5,1,1,5,5,5,1,77,25,58,79,88,0,1,255,17.91,73,1.58,0.46000001,14020.7,,,,,
Wildcat112,6,4,3,0,1,1,1,1,1,1,4,1,5,4,5,5,1,5,5,5,5,5,5,5,2,4,1,2,5,5,5,2,88,48,54,48,88,0,1,20,11.18,11.5,12.06,2.3,168.3,,,,,
Wildcat113,3,4,3,1,1,3,1,1,1,1,1,1,5,5,5,5,2,4,4,4,4,3,5,4,1,5,2,1,5,5,1,5,,,,,,0,1,22,0.0519,17.6,12.29,4.03,212.5,,,,,
Wildcat114,5,4,7,0,1,1,1,1,1,1,5,1,5,5,5,5,2,2,4,3,3,3,5,3,1,5,3,2,5,5,5,5,,,,,,0,1,499,0.0278,443.7,0.72,0.21,112689.8,,,,,
Wildcat115,3,4,7,1,1,3,1,3,2,1,5,1,5,3,5,5,1,3,1,4,3,2,,,,,,,,,,,,,,,,0,1,4,,6,,0,6,,,,,
Wildcat116,4,4,3,1,1,3,1,3,3,3,5,1,5,5,5,5,1,5,5,5,5,5,,,,,,,,,,,,,,,,0,1,23,0.1206,12.4,11.13,2.45,217.8,,,,,
Wildcat117,4,4,4,0,1,3,1,1,1,1,1,1,,,,,,,,,,,2,3,1,4,1,3,5,3,1,3,,,,,,0,1,20,0.2039,4.5,14.11,3.3,143.7,,,,,
Wildcat118,5,4,3,0,1,1,1,1,1,1,2,1,,,,,,,,,,,,,,,,,,,,,,,,,,0,1,1,,,,,,,,,,
Wildcat119,5,4,3,0,1,1,1,1,1,1,1,1,,,,,,,,,,,,,,,,,,,,,,,,,,0,1,2,,4,,0,1,,,,,
Wildcat120,6,4,3,1,1,1,1,1,1,1,5,1,,,,,,,,,,,,,,,,,,,,,,,,,,0,1,10,0.6389,-13,34.35,8.04,16.3,,,,,
Wildcat121,6,4,1,1,2,3,2,2,3,2,2,3,1,5,4,4,1,3,4,5,3,4,2,5,1,4,1,1,5,5,5,2,,,,,,0,1,1,,,,,,,,,,
Wildcat122,4,4,5,,2,4,2,2,3,4,2,2,2,3,1,2,4,2,4,4,4,4,2,2,3,4,3,4,4,4,5,4,71,62,38,48,56,0,1,25,22.5,3.4000001,13.52,4,206.89999,,,,,
Wildcat123,4,4,4,,2,3,2,1,3,5,5,2,3,3,4,4,3,5,5,5,4,3,3,3,3,2,4,2,4,4,5,4,58,75,38,58,85,0,1,185,3.53,159,1.7,0.46000001,15761.3,,,,,
Wildcat124,2,4,7,,2,3,2,1,3,3,3,1,3,4,4,4,2,3,3,3,3,2,5,3,2,4,2,1,5,5,5,3,56,52,67,27,69,0,1,13,18.27,4.2,17.39,3.21,60.7,,,,,
Wildcat125,5,4,3,0,2,3,2,3,2,2,1,1,4,3,3,4,3,4,3,4,4,3,4,4,3,4,3,1,5,5,1,1,52,46,56,52,54,0,1,5,25,1,41.330002,5.3299999,7,,,,,
Wildcat126,4,4,3,0,2,2,2,1,2,1,1,1,4,4,3,4,2,2,2,4,3,4,4,4,1,4,1,1,5,5,3,3,,,,,,0,1,15,-0.0357,17,6.67,0,105,,,,,
Wildcat127,5,4,1,0,2,3,1,1,1,3,2,2,4,4,1,3,5,3,4,4,4,5,4,4,2,4,2,4,5,3,1,4,,,,,,0,1,18,0.1993,4.4,15.55,3.19,113.8,,,,,
Wildcat128,5,4,3,0,2,2,2,2,2,2,2,1,4,4,4,4,2,4,4,4,4,3,,,,,,,,,,,,,,,,0,1,9,0.6319,-11.2,35,6.84,11.8,,,,,
Wildcat129,5,4,3,0,2,2,2,3,2,2,3,2,5,4,4,5,2,4,4,4,4,4,4,4,1,5,2,1,5,5,1,3,,,,,,0,1,13,0.0545,10.4,15.02,1.81,71,,,,,
Wildcat130,6,4,1,1,2,1,1,1,1,4,3,2,5,5,5,5,1,5,5,5,4,2,5,5,1,5,1,2,5,5,4,1,,,,,,0,1,39,0.1791,11.8,8.42,2.02,523.1,,,,,
Wildcat131,6,4,1,0,2,3,2,1,3,3,3,1,5,5,4,5,1,4,5,5,5,4,,,,,,,,,,,,,,,,0,1,3,,5,,,3,,,,,
Wildcat132,4,4,3,0,2,3,2,1,2,2,2,1,5,4,5,5,5,4,3,4,4,4,,,,,,,,,,,,,,,,0,1,8,0.0625,6.3,23.5,2.69,25,,,,,
Wildcat133,4,4,2,1,2,3,2,2,2,2,5,1,,,,,,,,,,,3,3,4,4,2,2,4,4,2,2,19,90,48,62,45,0,1,76,16.66,26,4.41,1.17,2012.4,,,,,
Wildcat134,4,4,3,1,2,3,2,1,2,2,4,3,,,,,,,,,,,,,,,,,,,,,,,,,,0,1,88,0.4707,-75.8,4.41,1.2,938.4,,,,,
Wildcat135,2,4,2,0,3,3,3,2,2,3,4,1,2,5,5,5,2,4,2,2,2,4,4,4,2,4,2,1,5,5,5,1,60,40,51,50,53,0,1,209,13.33,98.1,1.85,0.53,13018.6,,,,,
Wildcat136,5,4,5,0,3,3,4,2,2,1,2,2,3,3,2,4,3,4,4,4,4,4,2,3,4,5,3,1,5,5,2,5,48,75,65,35,65,0,1,1,,,,,,,,,,
Wildcat137,6,4,2,0,3,4,2,1,4,1,4,4,3,4,3,4,1,5,4,4,5,4,,,,,,,,,,,,,,,,0,1,46,0.0734,32.8,5.85,1.16,917,,,,,
Wildcat138,5,4,5,0,3,3,2,2,3,2,5,1,4,4,5,5,3,4,4,5,5,5,4,3,2,4,2,1,5,5,5,4,71,69,58,54,65,0,1,173,28.89,-25.799999,2.3499999,0.69,4825.1001,,,,,
Wildcat139,6,4,4,0,3,2,3,3,4,1,5,4,4,5,5,5,1,4,4,5,4,5,4,4,1,4,2,1,5,5,5,1,,,,,,0,1,16,-0.0333,18,6.25,0,120,,,,,
Wildcat140,5,4,6,1,3,5,4,4,4,5,5,5,4,4,5,4,2,5,4,4,4,4,4,3,1,5,2,4,4,4,1,5,,,,,,0,1,499,0.0548,389.8,0.84,0.29,98471.3,,,,,
Wildcat141,6,4,6,1,3,3,3,4,3,2,5,2,4,4,5,5,3,4,5,4,4,3,4,4,3,4,2,1,5,4,4,4,,,,,,0,1,499,-0.001,501,0.2,0,124251,,,,,
Wildcat142,5,4,2,0,3,4,2,4,4,2,3,4,4,2,4,2,3,2,3,4,4,4,5,4,4,5,2,3,5,4,3,4,86,81,85,58,78,0,1,20.15,17.58,24.120001,17.92,13.76,21.209999,,,,,
Wildcat143,1,4,5,0,3,3,4,4,4,4,3,3,5,5,4,5,2,5,4,4,4,5,4,4,2,5,1,1,5,4,5,2,,,,,,0,1,20,0.1316,10,13.86,3.24,154,,,,,
Wildcat144,3,4,5,0,3,3,3,3,5,3,5,4,,,,,,,,,,,2,4,1,3,1,1,5,5,3,1,,,,,,0,1,125,0.1506,50.3,2.89,0.77,4943.4,,,,,
Wildcat145,5,4,1,0,3,3,4,2,2,4,2,2,,,,,,,,,,,5,4,2,4,4,3,4,5,1,3,,,,,,0,1,37,0.2207,5.2,9.48,2.55,418.1,,,,,
Wildcat146,4,4,5,1,3,4,4,2,3,5,5,1,,,,,,,,,,,,,,,,,,,,,79,76,71,57,87,0,1,103,22.38,11.7,3.48,0.91000003,2968.7,,,,,
Wildcat147,7,4,5,0,3,1,3,2,2,2,5,1,,,,,,,,,,,,,,,,,,,,,,,,,,0,1,36,-0.0143,38,2.78,0,630,,,,,
Wildcat148,4,4,4,0,4,3,2,1,3,4,5,3,1,4,5,5,1,5,2,5,5,5,2,3,1,4,1,1,5,5,1,4,,,,,,0,1,12,0.6932,-18.5,27.92,5.96,18.2,,,,,
Wildcat149,6,4,4,0,4,2,3,1,2,3,5,1,1,1,4,1,4,4,4,4,5,4,3,2,4,3,5,1,5,3,3,5,69,50,58,50,92,0,1,8,-2.68,8.8000002,16.41,0.77999997,27,,,,,
Wildcat150,2,4,2,1,4,3,4,2,2,4,1,3,2,4,4,2,4,4,4,4,4,5,3,3,1,4,2,2,4,2,2,4,,,,,,0,1,3,,1.7,,5.56,2,,,,,
Wildcat151,5,4,6,0,4,2,3,1,3,1,5,2,2,4,5,5,2,4,4,4,4,5,4,5,1,5,1,1,5,5,5,1,85,77,73,25,73,0,1,290,3.79,246.2,1.16,0.31,37600,,,,,
Wildcat152,5,4,2,1,4,5,2,2,2,3,5,1,2,2,4,5,1,4,4,4,5,5,5,5,2,5,2,1,5,5,3,4,58,85,40,31,56,0,1,10,16.67,4,22.01,3.81,36.5,,,,,
Wildcat153,4,4,5,0,4,4,4,3,4,3,3,2,2,4,5,5,1,3,3,4,3,5,,,,,,,,,,,53,62,83,38,60,0,1,92,18.08,26.200001,4.3299999,1.37,2502.6001,,,,,
Wildcat154,6,4,3,0,4,2,4,2,4,2,2,2,2,5,5,5,1,3,3,4,4,2,,,,,,,,,,,,,,,,0,1,57,0.1023,34.1,5.83,1.61,1318,,,,,
Wildcat155,6,4,1,0,4,3,3,3,4,2,5,5,3,3,3,3,3,3,2,3,3,3,3,4,3,4,3,3,4,2,3,3,,,,,,0,1,1,,,,,,,,,,
Wildcat156,6,4,7,0,4,3,4,3,2,2,1,3,3,4,5,5,2,4,5,3,3,4,4,5,1,5,1,1,5,5,5,1,,,,,,0,1,23,-0.0227,25,4.35,0,253,,,,,
Wildcat157,6,4,3,0,4,1,1,1,1,1,5,2,3,4,1,4,2,5,4,5,5,5,,,,,,,,,,,,,,,,0,1,11,-0.05,13,9.09,0,55,,,,,
Wildcat158,5,4,3,0,4,3,4,4,4,3,2,4,4,5,5,4,1,4,3,4,3,4,3,2,4,3,4,2,4,5,1,4,,,,,,0,1,17,0.1066,10.2,14.76,3.37,116.8,,,,,
Wildcat159,2,4,2,1,4,2,4,4,2,3,2,1,4,4,5,5,2,5,4,5,5,3,4,4,1,5,2,1,5,5,5,1,58,69,69,31,83,0,1,140,10.32,82.599998,2.72,0.83999997,7325.7998,,,,,
Wildcat160,6,4,5,0,4,3,4,4,4,4,5,3,4,4,4,5,2,4,4,4,4,4,4,4,4,5,3,2,5,5,1,4,62,48,48,60,75,0,1,43,40.06,-24.299999,7.9699998,1.8099999,394.10001,,,,,
Wildcat161,5,4,6,1,4,4,4,2,4,4,5,2,4,5,5,5,1,4,4,4,5,4,4,4,1,5,1,1,5,5,5,1,81,83,85,56,88,0,1,282,54,-324.89999,1.47,0.43000001,9442,,,,,
Wildcat162,2,4,4,0,4,4,4,4,3,1,3,4,4,4,4,4,4,4,4,4,5,4,4,4,2,5,1,1,5,5,4,1,,,,,,0,1,15,0.1429,7,15.79,2.98,85.5,,,,,
Wildcat163,5,4,4,0,4,3,4,2,4,2,5,3,4,5,5,5,1,4,4,4,4,5,4,4,1,5,1,1,5,5,4,3,,,,,,0,1,18,0.4444,-12.2,19.73,5.33,77.1,,,,,
Wildcat164,6,4,3,0,4,1,4,2,3,2,2,2,4,3,4,4,3,5,4,5,4,3,4,3,2,4,2,2,4,4,1,3,,,,,,0,1,25,0.025,22.6,7.34,1.21,285.5,,,,,
Wildcat165,2,4,1,1,4,3,2,2,1,4,3,4,4,5,4,5,2,4,4,3,4,4,5,5,2,5,2,1,5,5,1,4,31,81,60,67,67,0,1,14,12.64,7.4,16.29,2.87,76.5,,,,,
Wildcat166,6,4,3,0,4,3,4,2,3,3,3,2,4,4,3,4,2,4,3,4,4,3,,,,,,,,,,,,,,,,0,1,4,,6,,0,6,,,,,
Wildcat167,5,4,4,0,4,4,4,4,4,4,4,5,4,4,4,4,4,4,4,4,4,4,,,,,,,,,,,,,,,,0,1,8,0.0625,6.3,23.34,3.81,25,,,,,
Wildcat168,2,4,4,0,4,3,4,2,3,5,3,3,4,4,4,4,4,4,4,4,5,5,,,,,,,,,,,,,,,,0,1,29,0.327,-7.6,13.36,4.44,222.9,,,,,
Wildcat169,2,4,2,1,4,3,4,4,3,4,5,3,4,4,2,5,4,3,4,4,4,4,,,,,,,,,,,,,,,,0,1,30,0,30,4.9,0.38,429,,,,,
Wildcat170,5,4,4,1,4,2,5,4,2,2,2,4,5,3,4,5,2,4,3,5,4,4,4,4,2,4,2,1,5,3,1,2,38,81,60,52,65,0,1,6,-10,8,16.67,0,15,,,,,
Wildcat171,7,4,1,1,4,3,5,4,4,3,1,1,5,4,3,5,2,4,4,4,4,2,4,5,1,5,2,3,5,5,3,4,58,73,58,96,100,0,1,49,25.74,-0.4,6.61,1.62,669.4,,,,,
Wildcat172,4,4,7,1,4,4,1,1,1,3,5,2,5,5,4,5,1,5,5,5,5,5,5,5,1,5,1,1,5,5,1,2,58,73,92,71,77,0,1,499,13.75,225.10001,0.81,0.25,66064.703,,,,,
Wildcat173,7,4,2,1,4,3,4,3,2,2,5,4,5,5,5,5,1,4,4,4,3,5,5,4,1,5,1,3,5,5,1,4,71,85,75,54,100,0,1,5,62.5,-5,53,9,4,,,,,
Wildcat174,5,4,2,1,4,4,5,5,3,4,5,3,5,4,5,5,1,5,4,5,5,5,5,3,1,5,1,3,5,5,5,1,85,86,74,58,96,0,1,5,50,3,70,20,70,,,,,
Wildcat175,5,4,3,1,4,4,4,1,4,4,5,2,5,4,5,5,1,4,4,5,5,4,5,4,1,5,1,1,5,5,5,2,98,79,92,23,79,0,1,30,53.74,-32.299999,12.57,3.3299999,105.6,,,,,
Wildcat176,6,4,6,0,4,5,4,3,4,4,3,3,5,4,3,5,1,5,4,5,5,5,5,4,1,5,1,1,5,5,1,4,,,,,,0,1,2,,4,,0,1,,,,,
Wildcat177,3,4,4,1,4,4,4,2,1,2,1,1,5,5,4,5,1,5,4,4,4,4,5,5,1,5,1,1,5,5,3,3,,,,,,0,1,11,0.2227,2.1,24.1,4.24,40.5,,,,,
Wildcat178,5,4,5,1,4,3,4,2,4,3,5,2,5,5,5,5,1,3,5,3,4,4,5,5,2,5,2,1,5,5,5,1,,,,,,0,1,352,0.0924,222.3,1.15,0.35,41304.4,,,,,
Wildcat179,6,4,3,1,4,4,4,4,4,5,5,4,5,4,4,4,1,5,5,5,5,4,5,4,1,5,1,3,5,5,4,4,,,,,,0,1,381,0.11,213.8,1.07,0.32,43035.9,,,,,
Wildcat180,6,4,3,1,4,3,3,2,2,2,1,3,,,,,,,,,,,5,4,1,4,1,2,5,5,5,1,54,79,50,40,62,0,1,11,20,3,23.98,4.01,41,,,,,
Wildcat181,5,4,3,1,4,3,2,1,1,1,2,1,,,,,,,,,,,,,,,,,,,,,42,54,48,79,98,0,1,7,45.24,-3.9,36.63,6.43,11.5,,,,,
Wildcat182,6,4,1,0,4,3,3,3,4,2,5,5,,,,,,,,,,,5,5,1,5,1,2,5,5,3,4,,,,,,0,1,15,0.0476,12.3,13.51,1.8,96,,,,,
Wildcat183,6,4,3,0,5,2,4,1,1,1,2,5,2,4,5,4,1,4,4,4,4,5,2,3,4,2,4,1,5,5,1,5,,,,,,0,1,94,0.1259,47.2,3.21,0.77,3350,,,,,
Wildcat184,5,4,1,1,5,4,5,4,3,5,4,4,2,3,5,5,3,2,3,2,5,2,2,2,4,4,4,2,5,4,5,1,,,,,,0,1,174,-0.0029,176,0.57,0,15051,,,,,
Wildcat185,6,4,5,0,5,3,5,4,2,4,5,4,2,4,4,2,4,4,4,4,4,3,2,3,4,2,3,4,4,3,4,2,,,,,,0,1,499,0.0356,428.1,0.79,0.25,107636.1,,,,,
Wildcat186,4,4,2,1,5,3,5,1,3,3,5,3,2,4,5,4,1,4,4,3,4,5,4,4,1,4,2,1,5,5,4,2,,,,,,0,1,53,0.2181,7.6,6.82,1.83,830.9,,,,,
Wildcat187,2,4,3,1,5,3,4,2,2,4,5,3,2,4,4,5,1,4,4,4,4,4,5,5,1,5,1,4,5,5,5,1,58,58,52,75,71,0,1,21,15.36,8.7,14.42,3.17,165.6,,,,,
Wildcat188,7,4,3,0,5,3,5,2,4,4,5,4,3,4,5,4,1,5,3,3,4,5,1,3,1,5,1,3,5,5,5,1,71,36,63,40,72,0,1,167,7.35,118.2,2.2,0.64,11378.1,,,,,
Wildcat189,4,4,4,1,5,4,5,5,4,5,5,3,3,4,4,5,1,5,5,4,5,5,3,4,2,5,1,1,5,5,4,5,71,77,75,52,88,0,1,67,28.98,-9.5,5.71,1.5700001,991.90002,,,,,
Wildcat190,5,4,2,0,5,2,3,3,3,4,2,3,3,4,2,5,2,2,1,4,3,5,,,,,,,,,,,54,67,70,44,67,0,1,21,24.29,1.6,16.129999,4.9400001,152.5,,,,,
Wildcat191,5,4,3,0,5,3,5,5,1,1,2,3,4,5,3,4,3,5,4,4,4,4,1,3,5,2,3,1,2,5,5,1,,,,,,0,1,47,0.3788,-22.7,7.58,1.86,505.5,,,,,
Wildcat192,4,4,2,0,5,5,5,5,4,3,4,5,4,3,2,4,2,4,4,4,5,4,4,4,2,4,1,2,5,5,1,3,33,75,33,75,55,0,1,3,,5,,0,3,,,,,
Wildcat193,5,4,5,1,5,5,5,5,4,3,4,2,4,5,4,5,1,5,5,5,5,4,4,5,2,5,1,1,5,5,1,3,,,,,,0,1,1,,,,,,,,,,
Wildcat194,5,4,3,0,5,2,3,3,4,4,2,3,4,4,3,5,2,2,2,4,3,5,4,4,1,4,2,4,5,5,5,1,,,,,,0,1,18,0.2402,1.7,17.84,4.84,113.7,,,,,
Wildcat195,3,4,1,1,5,5,5,3,3,4,5,2,4,4,4,4,2,3,4,5,5,4,4,3,2,4,2,1,5,5,3,4,,,,,,0,1,441,0.2108,70.1,0.92,0.28,36152.9,,,,,
Wildcat196,4,4,2,1,5,3,5,4,3,4,5,6,4,4,4,5,2,5,3,5,5,4,5,4,1,5,1,2,5,5,3,3,66,65,47,38,68,0,1,69,26.65,-3.5,5.44,1.5,1129.1,,,,,
Wildcat197,6,4,1,0,5,5,5,5,5,5,2,3,4,5,4,5,3,5,4,4,5,4,5,4,1,5,1,1,5,5,1,3,,,,,,0,1,14,0.6621,-20.4,25.06,6.41,28.3,,,,,
Wildcat198,6,4,1,1,5,4,5,3,4,4,5,3,4,5,2,5,2,5,5,5,5,4,5,3,2,5,4,1,5,5,1,4,,,,,,0,1,27,,27.5,5.01,0.3,346.5,,,,,
Wildcat199,4,4,3,0,5,3,5,5,5,3,5,4,4,4,5,4,2,5,4,4,4,3,,,,,,,,,,,,,,,,0,1,80,0.093,50.6,4.26,1.11,2583.3,,,,,
Wildcat200,4,4,2,1,5,3,3,2,3,4,5,4,5,4,4,5,1,4,4,5,5,5,4,4,2,5,2,3,4,5,5,2,,,,,,0,1,161,0.2214,19.3,2.48,0.71,5187.6,,,,,
Wildcat201,1,4,6,1,5,5,5,4,5,5,5,6,5,4,5,4,1,3,5,5,3,4,4,5,3,5,1,4,5,5,4,3,,,,,,0,1,385,0.0456,305.9,1.07,0.36,59090.1,,,,,
Wildcat202,4,4,2,,5,3,5,4,4,3,5,3,5,3,4,5,1,4,4,5,5,5,5,5,1,5,1,1,5,5,1,4,0,63,41,24,75,0,1,8,55.36,-7.5,37.42,8.13,12.2,,,,,
Wildcat203,5,4,3,0,5,5,5,4,3,4,5,5,5,4,5,5,1,4,4,4,4,4,5,4,1,5,1,1,5,5,3,5,75,41,74,50,55,0,1,321,17.05,102.8,1.27,0.38,23608.6,,,,,
Wildcat204,2,4,5,1,5,4,5,3,4,2,2,4,5,5,4,5,2,4,5,5,5,5,5,5,2,5,1,2,5,5,1,2,80,88,69,58,62,0,1,1,,,,,,,,,,
Wildcat205,7,4,6,1,5,4,5,4,4,5,5,5,5,5,5,5,2,5,4,4,4,4,5,5,1,5,1,1,5,5,5,1,,,,,,0,1,499,0.1892,122.1,0.85,0.27,50095.2,,,,,
Wildcat206,3,4,4,0,5,3,4,3,3,5,4,3,5,3,4,5,4,5,5,5,4,3,,,,,,,,,,,61,90,39,53,70,0,1,17,75.92,-31.6,19.98,4.5799999,35.099998,,,,,
Wildcat207,6,4,5,0,5,5,5,4,4,3,5,4,5,5,5,5,1,4,4,5,5,5,,,,,,,,,,,,,,,,0,1,437,0.1131,239.9,0.93,0.28,52778.8,,,,,
Wildcat208,1,4,1,0,5,1,5,5,4,2,2,6,5,5,5,5,1,5,5,5,5,5,,,,,,,,,,,,,,,,0,1,489,0.0269,436.5,0.76,0.24,109197.3,,,,,
Wildcat209,5,4,3,1,5,4,5,4,3,4,5,5,,,,,,,,,,,5,5,1,5,1,1,5,5,5,1,65,66,55,40,60,0,1,5,-50,7,50,0,2,,,,,
Wildcat210,6,4,3,1,5,5,5,4,4,4,5,6,,,,,,,,,,,2,4,1,4,1,1,5,5,5,1,,,,,,0,1,125,0.1171,66.9,2.88,0.82,5666.1,,,,,
Wildcat211,6,4,3,1,5,4,5,3,3,4,1,3,,,,,,,,,,,5,5,1,5,2,2,5,5,5,1,,,,,,0,1,10,0.5556,-10,29.39,5.9,21,,,,,
Wildcat212,5,4,4,0,5,3,5,4,4,2,2,4,,,,,,,,,,,,,,,,,,,,,,,,,,0,1,4,,-9,,14.06,0,,,,,
Wildcat213,6,4,4,0,5,3,5,4,4,3,5,3,,,,,,,,,,,,,,,,,,,,,,,,,,0,1,204,-0.0025,206,0.49,0,20706,,,,,
Wildcat214,5,4,1,1,,,,,,,,,,,,,,,,,,,,,,,,,,,,,42,94,50,31,92,0,1,290,3.79,246.2,1.16,0.31,37600.9,,,,,
Wildcat215,6,4,3,0,,,,,,,,,,,,,,,,,,,,,,,,,,,,,52,79,81,12,98,0,1,14,-1.1,14.6,9.47,0.62,89,,,,,
Wildcat216,6,4,1,0,,,,,,,,,,,,,,,,,,,,,,,,,,,,,58,73,77,21,75,0,1,10,-2.78,11,12.5,0.5,44,,,,,
Wildcat217,3,4,4,0,,,,,,,,,,,,,,,,,,,,,,,,,,,,,75,62,42,50,60,0,1,1,,,,,,,,,,
Wildcat218,4,4,4,0,,,,,,,,,2,3,4,5,2,3,3,4,4,3,4,4,3,5,2,1,5,5,5,2,55,80,70,16,75,0,1,4,-16.67,6,25,0,6,,,,,
Wildcat219,3,4,3,0,,,,,,,,,2,4,4,2,3,3,3,4,4,3,4,3,2,4,3,5,3,3,1,5,92,73,69,54,77,0,1,272,6.92,197,1.4299999,0.41999999,28427.199,,,,,
Wildcat220,4,4,4,0,,,,,,,,,3,4,4,4,1,5,4,4,4,5,4,2,4,2,3,1,5,5,1,5,,,,,,0,1,160,0.2185,21.1,2.45,0.71,6025.6,,,,,
Wildcat221,5,4,6,0,,,,,,,,,3,3,2,3,2,4,3,4,4,3,5,5,1,4,2,2,2,2,1,4,62,50,50,33,46,0,1,189,0.56,167.2,1.45,0.34,1324.5,,,,,
Wildcat222,2,4,4,0,,,,,,,,,4,5,2,5,2,5,4,4,4,4,3,4,1,5,1,1,5,5,5,2,,,,,,0,1,9,0.0069,8.8,17.28,1.23,33.5,,,,,
Wildcat223,4,4,5,0,,,,,,,,,4,4,5,4,1,3,3,3,4,5,,,,,,,,,,,48,42,47,42,45,0,1,30,14.08,13.7,9.9700003,2.3900001,357,,,,,
Wildcat224,3,4,6,0,,,,,,,,,4,4,2,4,4,4,2,4,2,2,,,,,,,,,,,62,52,25,58,58,0,1,52,13.07,25.299999,6.5799999,1.84,1042.5,,,,,
Wildcat225,2,4,6,0,,,,,,,,,4,4,4,5,2,5,4,4,5,5,,,,,,,,,,,73,46,92,38,96,0,1,63,25.31,0.2,6.0700002,1.8099999,1048.4,,,,,
Wildcat226,4,4,1,1,,,,,,,,,5,5,5,5,1,5,5,5,5,5,5,5,1,5,1,1,5,5,1,4,,,,,,0,1,21,0.0762,14.9,8.85,1.25,190,,,,,
Wildcat227,6,4,3,0,,,,,,,,,5,4,3,5,4,5,4,4,4,4,,,,,,,,,,,,,,,,0,1,1,,,,,,,,,,
Wildcat228,5,4,1,0,,,,,,,,,5,4,3,5,1,4,3,4,3,5,,,,,,,,,,,,,,,,0,1,15,0.2847,-0.1,26.76,4.66,23.8,,,,,
Wildcat229,5,4,6,0,,,,,,,,,,,,,,,,,,,1,3,1,4,1,1,5,5,1,3,,,,,,0,1,8,0.9107,-17.5,43.31,9.88,1.8,,,,,
Wildcat230,7,4,1,1,,,,,,,,,,,,,,,,,,,4,4,2,4,2,3,5,4,1,4,,,,,,0,1,166,0.0542,130.2,2.01,0.55,11968.7,,,,,
Wildcat231,5,4,4,1,,,,,,,,,,,,,,,,,,,4,5,1,5,1,1,5,5,4,2,,,,,,0,1,207,-0.0024,209,0.48,0,21321,,,,,
Wildcat232,6,4,7,0,,,,,,,,,,,,,,,,,,,,,,,,,,,,,,,,,,0,1,4,,3.5,,3.13,5,,,,,
Wildcat233,5,4,7,0,,,,,,,,,,,,,,,,,,,,,,,,,,,,,,,,,,0,1,9,-0.0625,11,11.11,0,36,,,,,
Wildcat234,4,4,1,0,,,,,,,,,,,,,,,,,,,,,,,,,,,,,,,,,,0,1,20,-0.0263,22,5,0,190,,,,,
Wildcat235,5,4,7,0,,,,,,,,,,,,,,,,,,,,,,,,,,,,,,,,,,0,1,23,0.4022,-12.4,13.49,2.98,136.6,,,,,
Wildcat236,6,4,2,0,,,,,,,,,,,,,,,,,,,,,,,,,,,,,,,,,,0,1,76,0.1442,32.7,4.92,1.45,1957.2,,,,,
Wildcat237,5,4,5,0,,,,,,,,,,,,,,,,,,,,,,,,,,,,,,,,,,0,1,192,0.2364,11.4,2.08,0.59,18.72,,,,,
Wildcat238,4,4,4,1,,,,,,,,,,,,,,,,,,,,,,,,,,,,,,,,,,0,1,340,-0.0015,342,0.29,0,57630,,,,,
Wildcat239,4,4,3,1,,,,,,,,,,,,,,,,,,,,,,,,,,,,,,,,,,0,1,408,,410,0.25,0,83028,,,,,
Wildcat240,,,,,1,2,1,1,1,1,5,1,4,4,4,4,2,4,4,4,4,5,,,,,,,,,,,,,,,,0,1,13,-2.56,14.2,9.17,0.3,77,,,,,
Wildcat241,,,,,5,4,4,2,1,5,5,1,4,2,3,5,4,4,4,5,5,3,2,4,1,4,4,2,5,5,5,1,,,,,,0,1,15,9.52,9.7,14.46,2.57,91.3,,,,,
Wildcat242,,,,,1,3,1,1,2,1,4,1,1,4,1,4,2,5,3,4,4,5,2,1,3,4,2,2,4,2,1,2,,,,,,0,1,5,0,5,30,2,9,,,,,
Wildcat243,,,,,1,3,2,2,3,1,1,1,2,2,5,5,2,4,4,4,4,4,2,4,2,4,2,1,5,5,1,5,,,,,,0,1,22,0.3658,-8.7,14.41,3.52,127.7,,,,,
Wildcat244,,,,,2,3,2,1,2,1,5,1,4,3,5,5,2,3,2,5,3,3,,,,,,,,,,,,,,,,0,1,8,0.1518,3.8,28.65,3.65,21.5,,,,,
Wildcat245,,,,,2,5,2,3,3,4,5,1,5,5,5,5,1,5,4,3,3,5,,,,,,,,,,,,,,,,0,1,124,12.35,63.299999,2.76,0.70999998,5589.8999,,,,,
Wildcat246,,,,,5,1,5,4,3,5,4,3,,,,,,,,,,,3,5,2,5,4,4,5,3,3,3,,,,,,0,1,6,-0.1,8,16.67,0,15,,,,,
Wildcat247,,,,,,,,,,,,,3,4,4,5,1,5,4,5,4,5,4,3,2,5,1,3,4,4,1,4,,,,,,0,1,47,39.5,-25.700001,7,1.65,560.09998,,,,,
Wildcat248,,,,,,,,,,,,,3,5,4,5,1,5,4,5,5,5,,,,,,,,,,,,,,,,0,1,58,5.32,45.900002,4.4699998,0.95999998,1529.1,,,,,
Wildcat249,,,,,,,,,,,,,4,2,3,5,1,3,4,4,4,4,,,,,,,,,,,,,,,,0,1,25,39.17,-12.6,12.19,2.74,167,,,,,
Wildcat250,,,,,,,,,,,,,5,5,5,5,1,4,4,5,5,5,5,5,2,5,1,1,5,5,1,3,,,,,,0,1,6,73.33,-8.6999998,53.23,11.47,3.5,,,,,
Wildcat251,,,,,,,,,,,,,5,5,1,5,2,5,5,5,5,5,5,3,1,5,4,5,5,5,1,5,,,,,,0,1,16,0.1958,4.3,16.61,3.46,92.3,,,,,
Wildcat252,,,,,,,,,,,,,5,4,5,5,1,5,5,5,5,5,5,5,1,5,1,1,5,5,3,2,,,,,,0,1,80,-0.0063,82,1.25,0,3160,,,,,
Wildcat253,,,,,,,,,,,,,,,,,,,,,,,5,5,2,5,2,1,5,5,5,2,,,,,,0,1,2,-50,4,50,0,1,,,,,
Wildcat254,,,,,,,,,,,,,,,,,,,,,,,5,5,1,5,1,1,5,5,1,4,,,,,,0,1,8,10.71,5,24.74,2.8599999,23,,,,,
Wildcat255,,,,,,,,,,,,,,,,,,,,,,,,,,,,,,,,,,,,,,0,1,2,,4,,0,1,,,,,
Wildcat256,,,,,,,,,,,,,,,,,,,,,,,,,,,,,,,,,,,,,,0,1,2,,-1,,12.5,0,,,,,
Wildcat257,,,,,,,,,,,,,,,,,,,,,,,,,,,,,,,,,,,,,,0,1,2,,4,,0,1,,,,,
Wildcat258,,,,,,,,,,,,,,,,,,,,,,,,,,,,,,,,,,,,,,0,1,3,,-0.5,,14.81,0,,,,,
Wildcat259,,,,,,,,,,,,,,,,,,,,,,,,,,,,,,,,,,,,,,0,1,3,-25,5,33.330002,0,3,,,,,
Wildcat260,,,,,,,,,,,,,,,,,,,,,,,,,,,,,,,,,,,,,,0,1,5,12.5,3,38.220001,4.8899999,8,,,,,
Wildcat261,,,,,,,,,,,,,,,,,,,,,,,,,,,,,,,,,,,,,,0,1,6,-0.1,8,16.67,0,15,,,,,
Wildcat262,,,,,,,,,,,,,,,,,,,,,,,,,,,,,,,,,,,,,,0,1,8,-0.0714,10,12.5,0,28,,,,,
Wildcat263,,,,,,,,,,,,,,,,,,,,,,,,,,,,,,,,,,,,,,0,1,9,0.0417,7.7,17.7,1.65,33,,,,,
Wildcat264,,,,,,,,,,,,,,,,,,,,,,,,,,,,,,,,,,,,,,0,1,10,0.1944,3,24,5.24,35.3,,,,,
Wildcat265,,,,,,,,,,,,,,,,,,,,,,,,,,,,,,,,,,,,,,0,1,14,,16,7.14,0,91,,,,,
Wildcat266,,,,,,,,,,,,,,,,,,,,,,,,,,,,,,,,,,,,,,0,1,18,0.0523,14.4,11.35,1.68,141.5,,,,,
Wildcat267,,,,,,,,,,,,,,,,,,,,,,,,,,,,,,,,,,,,,,0,1,70,0.2919,-10.6,5.5,1.56,1014.3,,,,,
Wildcat268,,,,,,,,,,,,,,,,,,,,,,,,,,,,,,,,,,,,,,0,1,87,13.51,72.400002,33.400002,0.77999997,3459.3,,,,,
Wildcat269,,,,,,,,,,,,,,,,,,,,,,,,,,,,,,,,,,,,,,0,1,96,0.1208,50.1,3.9,1.14,3309.4,,,,,
Wildcat270,,,,,,,,,,,,,,,,,,,,,,,,,,,,,,,,,,,,,,0,1,116,0.261,-4.1,3.41,0.98,2542,,,,,
Wildcat271,,,,,,,,,,,,,,,,,,,,,,,,,,,,,,,,,,,,,,0,1,127,0.1343,59.3,2.95,0.83,5138.8,,,,,
Wildcat272,,,,,,,,,,,,,,,,,,,,,,,,,,,,,,,,,,,,,,0,1,499,7.55,348.70001,0.82999998,0.27000001,85289.898,,,,,
Wildcat273,6,3,6,0,1,1,1,1,1,3,1,1,3,4,2,5,3,3,4,4,3,4,5,4,1,5,1,1,5,5,1,3,85,54,31,46,73,0,0,,,,,,,,,,,
Wildcat274,3,3,1,1,4,3,4,4,3,4,3,3,5,5,4,5,3,4,4,4,4,5,5,4,1,5,1,1,5,5,5,1,56,79,46,50,60,0,0,,,,,,,,,,,
Wildcat275,4,3,7,1,4,4,4,3,4,3,2,2,,,,,,,,,,,,,,,,,,,,,58,43,51,56,68,0,0,,,,,,,,,,,
Wildcat276,3,3,4,0,,,,,,,,,4,4,2,5,4,3,4,2,5,2,4,3,2,4,4,2,2,4,3,2,70,39,62,29,77,0,0,,,,,,,,,,,
Wildcat277,5,3,5,0,,,,,,,,,,,,,,,,,,,4,5,2,4,2,5,5,4,1,2,65,48,31,34,40,0,0,,,,,,,,,,,
Wildcat278,5,4,2,0,1,1,2,1,4,2,3,2,3,4,5,5,1,3,3,4,3,4,4,5,4,5,1,1,5,5,5,4,88,73,77,40,96,0,0,,,,,,,,,,,
Wildcat279,3,4,3,0,1,1,1,1,3,2,3,1,4,4,2,5,2,5,4,5,5,5,5,4,1,4,1,3,5,5,1,4,69,60,52,23,79,0,0,,,,,,,,,,,
Wildcat280,5,4,1,0,1,1,1,1,1,1,1,1,4,5,5,5,2,5,2,4,4,4,,,,,,,,,,,35,46,54,60,65,0,0,,,,,,,,,,,
Wildcat281,4,4,7,0,1,3,1,1,1,1,1,1,,,,,,,,,,,,,,,,,,,,,80,28,41,48,77,0,0,,,,,,,,,,,
Wildcat282,6,4,1,0,1,2,1,4,2,4,3,2,,,,,,,,,,,,,,,,,,,,,89,50,79,35,100,0,0,,,,,,,,,,,
Wildcat283,5,4,7,0,2,1,4,1,2,1,1,1,4,4,2,4,2,4,3,4,3,2,4,5,1,3,2,2,4,4,1,4,44,40,17,69,27,0,0,,,,,,,,,,,
Wildcat284,4,4,6,0,2,3,2,1,2,3,5,2,4,4,5,5,1,4,4,4,4,4,5,5,1,5,1,1,5,5,5,1,79,65,67,46,90,0,0,,,,,,,,,,,
Wildcat285,3,4,,,3,3,4,4,3,2,1,2,5,4,1,5,1,4,1,4,3,4,,,,,,,,,,,,,,,,0,0,,,,,,,,,,,
Wildcat286,4,4,4,1,4,4,3,2,5,5,1,4,5,3,5,5,3,4,4,5,5,3,,,,,,,,,,,90,62,52,15,71,0,0,,,,,,,,,,,
Wildcat287,4,4,2,0,4,4,3,2,3,4,4,3,,,,,,,,,,,,,,,,,,,,,58,56,38,48,75,0,0,,,,,,,,,,,
Wildcat288,6,4,6,0,,,,,,,,,2,4,5,4,1,4,4,3,4,5,,,,,,,,,,,48,46,65,52,92,0,0,,,,,,,,,,,
Wildcat289,3,4,4,0,,,,,,,,,3,4,4,5,4,4,3,4,4,3,,,,,,,,,,,96,97,91,99,97,0,0,,,,,,,,,,,
Wildcat290,4,4,3,0,,,,,,,,,4,3,4,4,3,3,4,4,3,2,,,,,,,,,,,47,33,33,56,58,0,0,,,,,,,,,,,
Wildcat291,4,4,1,1,,,,,,,,,,,,,,,,,,,,,,,,,,,,,57,22,40,78,55,0,0,,,,,,,,,,,
Wildcat292,,,,,1,2,1,1,1,2,2,1,1,4,1,4,4,4,2,1,1,2,1,3,2,2,2,2,4,4,4,2,,,,,,0,0,,,,,,,,,,,
Wildcat293,,,,,,,,,,,,,5,5,5,5,5,5,4,3,3,3,,,,,,,,,,,,,,,,0,0,,,,,,,,,,,
Wildcat294,2,2,2,1,1,3,1,1,2,1,4,1,2,3,1,4,1,3,2,4,4,1,3,4,1,4,3,4,5,5,5,1,65,65,83,56,92,0,0,,,,,,,,,,,
Wildcat295,5,2,2,0,1,3,1,1,1,1,1,1,3,4,4,3,3,4,2,3,4,2,3,4,4,4,3,4,3,3,3,4,27,52,54,25,44,0,0,,,,,,,,,,,
Wildcat296,6,2,4,0,3,3,3,3,4,4,2,5,3,4,3,4,3,5,4,4,5,3,4,3,2,3,2,2,3,4,4,4,60,69,85,31,65,0,0,,,,,,,,,,,
Wildcat297,5,2,3,1,,,,,,,,,,,,,,,,,,,,,,,,,,,,,,,,,,0,0,,,,,,,,,,,
Wildcat298,5,3,7,1,1,5,4,4,4,5,5,3,4,4,5,5,2,3,2,2,4,4,4,4,2,4,2,1,5,5,5,1,,,,,,0,0,,,,,,,,,,,
Wildcat299,7,3,4,0,1,3,5,4,5,3,5,4,5,5,4,5,1,5,5,5,5,5,5,5,1,5,1,1,5,5,1,5,53,23,49,62,87,0,0,,,,,,,,,,,
Wildcat300,5,3,4,0,1,3,1,1,2,2,1,3,,,,,,,,,,,5,4,2,3,1,1,5,3,4,3,,,,,,0,0,,,,,,,,,,,
Wildcat301,4,3,6,1,3,5,5,1,3,3,5,4,4,3,4,5,2,5,3,4,4,4,4,4,2,4,2,1,5,5,4,5,75,81,81,46,62,0,0,,,,,,,,,,,
Wildcat302,4,3,4,0,3,3,2,2,1,4,1,1,,,,,,,,,,,4,3,2,3,2,3,4,5,5,1,30,80,80,50,60,0,0,,,,,,,,,,,
Wildcat303,3,3,7,1,4,4,3,3,3,2,5,4,2,5,5,5,1,5,5,5,5,5,5,3,2,4,1,1,5,5,1,1,67,87,84,57,62,0,0,,,,,,,,,,,
Wildcat304,5,3,2,0,4,3,4,2,2,2,4,6,3,4,5,4,3,4,2,3,4,4,4,4,2,4,1,2,4,4,3,3,,,,,,0,0,,,,,,,,,,,
Wildcat305,6,3,3,0,4,3,2,1,4,4,5,3,4,4,4,5,1,5,3,5,5,5,5,5,2,5,2,3,5,5,3,4,71,52,50,46,81,0,0,,,,,,,,,,,
Wildcat306,4,3,4,0,4,2,4,1,2,2,2,3,,,,,,,,,,,5,5,1,5,1,3,5,5,5,1,,,,,,0,0,,,,,,,,,,,
Wildcat307,1,3,6,1,5,5,5,5,3,5,5,6,2,4,1,5,1,5,5,5,5,4,2,5,1,5,1,1,5,5,1,2,,,,,,0,0,,,,,,,,,,,
Wildcat308,6,3,3,1,5,4,5,3,3,4,2,2,2,3,4,4,2,4,4,4,4,4,4,5,2,5,1,1,5,5,1,3,70,76,70,84,73,0,0,,,,,,,,,,,
Wildcat309,6,3,2,1,5,4,5,3,5,4,5,5,2,5,3,4,1,5,4,4,4,4,5,5,1,5,1,1,5,5,5,1,50,60,69,84,57,0,0,,,,,,,,,,,
Wildcat310,4,3,5,1,5,4,5,3,3,4,4,2,2,3,3,4,2,4,4,5,4,5,5,3,5,3,5,1,5,4,5,1,,,,,,0,0,,,,,,,,,,,
Wildcat311,5,3,6,1,5,5,5,2,2,4,5,3,5,5,4,5,2,5,4,5,5,4,4,4,2,4,2,1,5,5,2,3,,,,,,0,0,,,,,,,,,,,
Wildcat312,5,3,6,0,5,3,5,2,3,2,5,3,,,,,,,,,,,,,,,,,,,,,,,,,,0,0,,,,,,,,,,,
Wildcat313,2,3,2,1,,,,,,,,,,,,,,,,,,,,,,,,,,,,,53,24,73,67,38,0,0,,,,,,,,,,,
Wildcat314,4,3,7,1,,,,,,,,,4,4,5,5,1,4,3,4,4,5,4,4,1,4,1,1,5,5,5,1,,,,,,0,0,,,,,,,,,,,
Wildcat315,4,3,3,1,,,,,,,,,,,,,,,,,,,3,3,3,3,3,1,2,3,3,3,,,,,,0,0,,,,,,,,,,,
Wildcat316,5,3,2,0,,,,,,,,,,,,,,,,,,,,,,,,,,,,,,,,,,0,0,,,,,,,,,,,
Wildcat317,6,3,5,0,,,,,,,,,,,,,,,,,,,,,,,,,,,,,,,,,,0,0,,,,,,,,,,,
Wildcat318,6,4,4,0,1,1,3,1,3,2,3,1,2,4,1,2,4,5,4,3,3,5,3,4,2,4,2,2,4,4,2,3,,,,,,0,0,,,,,,,,,,,
Wildcat319,6,4,4,0,1,2,1,1,1,1,1,1,3,5,4,3,1,4,4,5,5,5,4,4,1,4,1,1,5,4,4,2,73,66,68,40,84,0,0,,,,,,,,,,,
Wildcat320,1,4,7,1,1,3,1,1,1,1,2,1,4,5,5,5,3,5,5,5,4,3,,,,,,,,,,,,,,,,0,0,,,,,,,,,,,
Wildcat321,3,4,3,1,1,3,1,1,1,1,1,1,5,4,4,5,2,3,4,4,3,2,4,4,3,5,2,1,5,5,5,1,,,,,,0,0,,,,,,,,,,,
Wildcat322,5,4,3,1,2,3,2,3,2,4,4,4,2,4,5,5,2,4,3,4,4,2,4,4,1,5,1,4,4,5,1,4,,,,,,0,0,,,,,,,,,,,
Wildcat323,7,4,3,1,2,3,2,4,4,3,5,2,4,5,4,5,1,5,4,4,5,4,5,5,1,5,1,2,4,5,1,4,,,,,,0,0,,,,,,,,,,,
Wildcat324,5,4,7,0,2,3,1,1,2,1,3,1,,,,,,,,,,,,,,,,,,,,,54,90,60,29,69,0,0,,,,,,,,,,,
Wildcat325,5,4,4,0,2,2,2,2,1,1,2,2,,,,,,,,,,,,,,,,,,,,,56,81,75,20,71,0,0,,,,,,,,,,,
Wildcat326,6,4,4,1,2,1,2,2,2,1,1,1,,,,,,,,,,,,,,,,,,,,,60,61,67,75,83,0,0,,,,,,,,,,,
Wildcat327,3,4,2,0,2,3,2,1,3,3,1,2,,,,,,,,,,,,,,,,,,,,,,,,,,0,0,,,,,,,,,,,
Wildcat328,4,4,4,0,3,3,3,1,2,3,4,3,2,4,1,3,4,3,3,4,2,4,3,2,3,3,4,4,1,3,1,4,,,,,,0,0,,,,,,,,,,,
Wildcat329,5,4,1,0,3,4,3,3,3,1,3,1,4,5,3,4,3,3,3,4,4,4,3,4,2,4,2,2,5,5,2,4,48,62,66,52,60,0,0,,,,,,,,,,,
Wildcat330,5,4,4,0,3,2,1,1,3,3,3,1,5,5,4,5,1,4,4,5,5,4,,,,,,,,,,,67,79,65,29,75,0,0,,,,,,,,,,,
Wildcat331,5,4,4,0,4,1,2,1,1,1,1,2,2,4,1,2,5,3,2,4,4,1,,,,,,,,,,,,,,,,0,0,,,,,,,,,,,
Wildcat332,5,4,4,1,4,3,5,2,1,1,4,2,,,,,,,,,,,,,,,,,,,,,36,13,50,28,86,0,0,,,,,,,,,,,
Wildcat333,6,4,3,0,5,5,5,4,5,3,3,6,3,5,1,4,1,5,5,5,4,5,4,4,3,4,2,1,5,5,5,1,85,69,60,21,73,0,0,,,,,,,,,,,
Wildcat334,1,4,4,1,5,4,5,4,3,1,3,6,4,3,1,5,3,3,5,3,3,5,5,5,1,5,1,1,5,5,1,1,67,62,88,21,90,0,0,,,,,,,,,,,
Wildcat335,5,4,6,0,5,5,5,4,4,5,5,4,4,4,5,5,2,5,4,5,5,5,5,4,2,5,2,1,5,5,3,5,,,,,,0,0,,,,,,,,,,,
Wildcat336,6,4,5,1,5,4,5,4,4,3,5,4,5,4,5,5,1,5,4,5,5,4,5,4,1,5,1,1,5,5,3,3,,,,,,0,0,,,,,,,,,,,
Wildcat337,7,4,3,0,5,3,4,4,5,1,5,6,,,,,,,,,,,,,,,,,,,,,54,56,44,38,92,0,0,,,,,,,,,,,
Wildcat338,4,4,4,0,5,4,5,5,4,4,4,4,,,,,,,,,,,,,,,,,,,,,,,,,,0,0,,,,,,,,,,,
Wildcat339,6,4,3,0,,,,,,,,,2,5,5,5,1,5,5,5,5,3,5,5,1,5,1,1,5,5,5,1,71,71,77,27,96,0,0,,,,,,,,,,,
Wildcat340,4,4,1,1,,,,,,,,,5,4,5,5,1,3,3,4,5,4,5,5,1,5,1,4,4,5,5,2,58,58,62,58,72,0,0,,,,,,,,,,,
Wildcat341,4,4,4,0,,,,,,,,,5,4,3,5,2,3,4,4,3,4,,,,,,,,,,,51,65,81,32,70,0,0,,,,,,,,,,,
Wildcat342,5,4,5,0,,,,,,,,,5,4,2,5,1,5,4,5,5,4,,,,,,,,,,,,,,,,0,0,,,,,,,,,,,
Wildcat343,3,4,1,1,,,,,,,,,,,,,,,,,,,,,,,,,,,,,,,,,,0,0,,,,,,,,,,,
Wildcat344,3,4,2,0,,,,,,,,,,,,,,,,,,,,,,,,,,,,,,,,,,0,0,,,,,,,,,,,
Wildcat345,4,4,3,0,,,,,,,,,,,,,,,,,,,,,,,,,,,,,,,,,,0,0,,,,,,,,,,,
Wildcat346,4,4,4,0,,,,,,,,,,,,,,,,,,,,,,,,,,,,,,,,,,0,0,,,,,,,,,,,
Wildcat347,5,4,3,0,,,,,,,,,,,,,,,,,,,,,,,,,,,,,,,,,,0,0,,,,,,,,,,,
Wildcat348,5,4,4,0,,,,,,,,,,,,,,,,,,,,,,,,,,,,,,,,,,0,0,,,,,,,,,,,
Wildcat349,6,4,5,0,,,,,,,,,,,,,,,,,,,,,,,,,,,,,,,,,,0,0,,,,,,,,,,,
Wildcat350,,,,,2,2,2,2,1,1,5,2,,,,,,,,,,,,,,,,,,,,,,,,,,0,0,,,,,,,,,,,
Wildcat351,,,,,3,3,3,1,3,3,1,1,,,,,,,,,,,,,,,,,,,,,,,,,,0,0,,,,,,,,,,,
Wildcat352,,,,,4,5,4,2,4,2,5,5,2,5,4,5,1,4,4,4,2,2,5,5,1,5,1,2,5,5,1,4,,,,,,0,0,,,,,,,,,,,
Wildcat353,,,,,4,5,4,2,4,4,5,2,4,4,5,5,2,4,4,5,4,5,,,,,,,,,,,,,,,,0,0,,,,,,,,,,,
Wildcat354,,,,,1,3,1,1,4,1,5,1,,,,,,,,,,,,,,,,,,,,,,,,,,0,0,,,,,,,,,,,
Wildcat355,,,,,2,2,2,2,2,4,5,2,,,,,,,,,,,,,,,,,,,,,,,,,,0,0,,,,,,,,,,,
Wildcat356,,,,,4,4,2,1,4,3,5,1,,,,,,,,,,,5,4,2,4,2,3,4,5,1,4,,,,,,0,0,,,,,,,,,,,
Wildcat357,,,,,4,5,5,5,5,5,5,2,,,,,,,,,,,,,,,,,,,,,67,27,63,48,87,0,0,,,,,,,,,,,
Wildcat358,,,,,4,4,3,2,3,1,5,5,,,,,,,,,,,,,,,,,,,,,,,,,,0,0,,,,,,,,,,,
Wildcat359,,,,,5,5,4,2,3,4,5,2,4,4,5,5,1,5,4,4,4,4,4,5,1,5,1,1,5,5,1,1,,,,,,0,0,,,,,,,,,,,
Wildcat360,,,,,5,4,5,4,5,3,5,3,5,4,5,5,1,5,4,4,4,5,,,,,,,,,,,,,,,,0,0,,,,,,,,,,,
Wildcat361,,,,,,,,,,,,,4,5,4,4,2,3,4,4,3,5,4,3,1,4,2,2,4,5,4,4,,,,,,0,0,,,,,,,,,,,
Wildcat362,,,,,,,,,,,,,,,,,,,,,,,5,5,3,5,1,3,4,5,1,,,,,,,0,0,,,,,,,,,,,
Wildcat363,,,,,,,,,,,,,,,,,,,,,,,,,,,,,,,,,16,32,40,47,87,0,0,,,,,,,,,,,
Wildcat364,7,2,3,1,5,3,5,3,3,2,4,3,,,,,,,,,,,5,4,2,5,2,2,5,5,5,1,,,,,,1,0,58,0.195402299,,,,,12,,,,0.206896552
Wildcat365,2,3,7,0,1,2,1,1,1,1,1,1,4,4,5,5,4,5,4,4,4,2,3,4,1,4,2,1,5,5,5,2,,,,,,1,0,32,0.060483871,,,,,8,,,,0.25
Wildcat366,5,3,5,0,1,3,1,1,2,1,5,1,,,,,,,,,,,5,4,1,2,2,2,4,5,1,1,,,,,,1,0,172,0.079627363,,,,,14,,,,0.081395349
Wildcat367,6,3,6,0,2,3,2,2,4,1,5,2,2,5,5,4,3,5,3,4,4,4,5,5,4,5,2,2,5,5,5,1,,,,,,1,0,18,0.496732026,,,,,0,,,,0
Wildcat368,6,3,7,0,4,3,2,1,4,3,4,2,2,4,5,5,2,4,4,4,3,4,5,4,1,5,1,1,5,5,4,3,,,,,,1,0,113,0.359197219,,,,,2,,,,0.017699115
Wildcat369,4,3,2,1,4,3,4,2,3,5,5,2,4,5,5,5,2,4,4,5,4,4,4,4,4,4,2,1,5,5,1,5,,,,,,1,0,106,0.14195867,,,,,3,,,,0.028301887
Wildcat370,4,3,5,1,5,5,5,3,3,3,5,4,2,5,2,5,2,4,4,5,3,5,4,4,1,5,1,3,5,4,5,2,,,,,,1,0,4,0.166666667,,,,,2,,,,0.5
Wildcat371,6,3,7,0,5,4,5,5,4,5,5,5,5,5,5,5,2,4,4,4,5,3,5,5,3,5,3,1,5,5,2,3,,,,,,1,0,250,0.188594378,,,,,4,,,,0.016
Wildcat372,5,3,7,0,,,,,,,,,4,4,5,5,1,4,3,4,4,5,,,,,,,,,,,,,,,,1,0,8,0.357142857,,,,,4,,,,0.5
Wildcat373,5,4,1,1,2,3,2,2,3,2,2,2,3,5,5,5,2,4,4,4,4,5,5,4,1,5,1,1,5,5,1,1,,,,,,1,0,215,0.239426212,,,,,4,,,,0.018604651
Wildcat374,5,4,2,0,2,3,2,2,3,3,5,2,,,,,,,,,,,5,5,2,4,1,2,5,5,3,4,,,,,,1,0,152,0.257755315,,,,,7,,,,0.046052632
Wildcat375,5,4,5,0,4,3,4,4,3,4,5,3,2,3,4,5,1,4,3,4,5,4,5,4,2,5,2,1,5,5,5,1,,,,,,1,0,10,0.044444444,,,,,6,,,,0.6
Wildcat376,6,4,6,1,4,3,4,3,4,4,5,5,2,3,5,5,2,4,4,5,5,5,,,,,,,,,,,,,,,,1,0,305,0.056363244,,,,,18,,,,0.059016393
Wildcat377,6,4,5,0,4,2,2,4,3,4,5,3,5,4,4,5,1,4,3,4,4,5,5,4,1,5,2,1,5,5,5,1,,,,,,1,0,15,0.152380952,,,,,6,,,,0.4
Wildcat378,6,4,4,0,5,5,5,2,4,3,5,5,4,2,5,5,1,4,3,4,4,4,5,4,2,5,2,1,5,5,1,2,,,,,,1,0,5,0,,,,,5,,,,1
Wildcat379,3,4,6,1,5,4,5,5,4,4,5,3,4,4,5,5,1,4,4,5,5,5,,,,,,,,,,,,,,,,1,0,278,0.16915565,,,,,4,,,,0.014388489
Wildcat380,4,4,6,1,5,4,5,4,4,4,5,3,,,,,,,,,,,,,,,,,,,,,,,,,,1,0,217,0.132275132,,,,,14,,,,0.064516129
Wildcat381,6,4,5,1,,,,,,,,,4,3,4,4,2,5,3,5,4,3,,,,,,,,,,,,,,,,1,0,476,0.054577621,,,,,39,,,,0.081932773
Wildcat382,,,,,4,3,4,4,4,4,2,2,,,,,,,,,,,4,4,3,4,2,3,5,4,4,4,,,,,,1,0,64,0.175099206,,,,,11,,,,0.171875
Wildcat383,,,,,5,4,4,3,2,4,5,3,4,3,5,5,2,4,4,5,5,5,5,4,2,4,2,1,5,5,1,3,,,,,,1,0,88,0.306948798,,,,,4,,,,0.045454545
Wildcat384,,,,,,,,,,,,,2,2,5,5,1,4,4,4,4,4,5,4,2,5,1,1,5,5,1,2,,,,,,1,0,296,0.166788823,,,,,5,,,,0.016891892
Wildcat385,,,,,,,,,,,,,5,3,4,5,2,4,4,4,3,4,1,3,4,2,4,1,5,2,3,4,,,,,,1,0,48,0.219858156,,,,,1,,,,0.020833333
Wildcat386,,,,,,,,,,,,,5,4,5,5,1,5,5,4,4,5,5,5,2,5,1,1,5,5,1,1,,,,,,1,0,55,0.069360269,,,,,5,,,,0.090909091
Wildcat387,5,2,4,0,3,3,2,4,2,3,5,2,4,4,5,5,2,5,4,4,4,4,4,5,2,5,2,1,5,5,5,3,60,66,36,87,20,1,0,794,0.169042091,,,,,18,391,399,4,0.022670025
Wildcat388,6,2,6,1,5,3,5,4,3,4,2,2,1,4,4,5,2,3,4,3,3,4,4,3,2,4,1,1,5,5,4,1,87,79,16,62,61,1,0,168,0.177787283,,,,,6,89,79,0,0.035714286
Wildcat389,4,2,5,1,5,3,4,3,3,2,4,4,2,3,2,5,2,4,4,4,4,4,5,4,2,5,2,2,5,5,1,4,87,78,68,66,51,1,0,337,0.155733362,,,,,3,264,73,0,0.008902077
Wildcat390,6,3,2,1,1,1,1,1,1,1,4,1,3,4,5,4,2,5,5,5,5,5,4,4,1,4,1,1,5,5,1,1,16,36,30,47,87,1,0,256,0.236917892,,,,,3,135,121,0,0.01171875
Wildcat391,6,3,4,0,1,3,1,1,1,3,1,1,3,4,4,4,5,5,3,5,4,3,5,4,3,4,1,2,4,4,3,2,13,32,25,12,18,1,0,8,0.142857143,,,,,3,4,4,0,0.375
Wildcat392,5,3,4,0,2,3,4,1,1,4,2,3,4,5,4,4,1,3,3,4,2,3,5,4,2,5,1,2,5,4,1,1,61,41,56,87,60,1,0,116,0.086956522,,,,,12,39,77,0,0.103448276
Wildcat393,5,3,7,1,2,3,1,1,4,3,5,1,5,4,5,5,1,4,4,5,5,2,5,4,1,5,1,2,5,5,1,3,47,29,13,35,15,1,0,964,0.173903302,,,,,1,711,253,0,0.001037344
Wildcat394,6,3,4,0,3,3,2,4,4,3,5,2,1,1,1,1,3,5,4,5,5,5,5,5,3,3,4,4,5,3,4,5,59,57,66,83,55,1,0,328,0.166331021,,,,,9,149,179,0,0.027439024
Wildcat395,5,3,7,1,3,2,2,2,4,3,5,3,4,5,5,5,1,4,5,4,4,4,5,4,1,5,1,1,5,5,5,1,71,69,87,60,54,1,0,962,0.130479555,,,,,0,703,259,0,0
Wildcat396,6,3,5,0,3,3,2,1,3,2,2,2,5,4,3,5,1,3,4,3,4,5,5,5,1,5,1,2,4,5,3,5,,,,,,1,0,138,0.196974505,,,,,2,56,82,0,0.014492754
Wildcat397,6,3,1,1,3,4,4,4,5,4,4,3,,,,,,,,,,,,,,,,,,,,,87,77,79,57,77,1,0,239,0.117400935,,,,,2,197,42,0,0.008368201
Wildcat398,6,3,4,0,4,3,4,2,2,2,3,2,4,5,3,5,1,5,4,3,4,4,4,3,1,4,1,1,5,4,5,3,57,71,61,86,56,1,0,509,0.059387714,,,,,4,159,350,0,0.007858546
Wildcat399,5,3,3,0,4,5,5,4,3,2,5,2,4,3,4,4,2,3,4,4,3,4,,,,,,,,,,,26,13,60,47,64,1,0,893,0.168748964,,,,,6,349,544,0,0.006718925
Wildcat400,6,3,4,0,4,2,4,2,4,3,3,4,5,4,5,5,2,4,4,4,4,4,5,4,1,5,1,2,5,5,2,3,52,35,17,73,87,1,0,224,0.182695388,,,,,4,115,109,0,0.017857143
Wildcat401,5,3,4,1,4,4,4,2,3,3,5,3,5,5,5,5,2,4,3,4,4,4,5,5,2,5,1,2,5,5,5,3,64,70,87,67,55,1,0,1648,0.106504324,,,,,4,928,720,0,0.002427184
Wildcat402,6,3,3,0,4,3,4,2,3,2,2,2,5,5,5,5,1,4,5,4,4,4,5,5,1,5,1,1,5,5,5,1,87,53,76,66,73,1,0,795,0.127706224,,,,,5,424,371,0,0.006289308
Wildcat403,6.5,3,3,1,4,3,4,2,4,4,5,4,5,5,5,4,1,5,5,5,5,5,5,4,1,5,,,,,,,,,,,,1,0,1861,0.087665898,,,,,9,943,918,0,0.00483611
Wildcat404,6,3,3,1,4,3,3,4,2,1,2,2,5,3,5,5,1,5,4,4,5,5,,,,,,,,,,,57,13,68,51,67,1,0,306,0.088953177,,,,,5,159,147,0,0.016339869
Wildcat405,6,3,,0,5,3,5,5,5,4,5,5,1,5,5,5,3,5,5,5,5,5,5,4,1,5,2,3,4,5,1,5,57,81,56,86,78,1,0,722,0.056400582,,,,,16,333,,,0.022160665
Wildcat406,5,3,7,0,5,3,5,3,4,2,4,3,2,4,4,4,1,4,3,3,3,4,4,4,1,4,1,1,5,5,3,2,67,45,87,73,64,1,0,658,0.175977201,,,,,2,316,342,0,0.003039514
Wildcat407,6,3,6,1,5,4,5,4,3,5,5,6,3,4,5,5,2,5,5,5,5,4,4,4,2,5,2,2,5,5,2,3,61,50,21,61,13,1,0,1746,0.084994273,,,,,11,1248,498,0,0.006300115
Wildcat408,6,3,5,0,5,3,4,2,5,2,4,5,3,4,4,4,2,5,2,4,4,5,5,5,1,4,1,1,5,5,3,3,58,59,81,82,87,1,0,342,0.075680403,,,,,14,185,157,0,0.040935673
Wildcat409,7,3,5,1,5,3,4,4,3,4,5,3,4,4,2,5,1,3,4,5,5,5,5,2,2,4,2,1,5,5,2,2,44,48,69,83,40,1,0,1866,0.077872699,,,,,9,1047,819,0,0.004823151
Wildcat410,6,3,1,0,5,2,5,4,4,4,2,6,5,5,4,5,1,2,4,4,4,3,5,5,1,1,1,1,5,4,3,5,31,46,28,54,87,1,0,125,0.050451613,,,,,8,52,68,5,0.064
Wildcat411,6,3,1,1,5,5,5,4,5,5,5,3,5,5,5,5,1,4,4,5,4,5,5,5,1,5,1,1,5,5,5,1,35,58,68,69,78,1,0,1921,0.107626236,,,,,2,1141,780,0,0.001041124
Wildcat412,5,3,6,0,5,5,5,4,4,4,4,3,5,5,5,5,1,4,3,4,4,5,5,5,1,5,1,1,5,5,5,1,65,85,29,85,26,1,0,527,0.165547146,,,,,13,256,271,0,0.024667932
Wildcat413,6,3,1,1,5,5,5,5,5,4,5,5,5,5,5,5,1,5,4,5,5,5,5,5,1,5,1,1,5,5,5,1,87,46,81,72,29,1,0,1769,0.084042931,,,,,7,1063,706,0,0.003957038
Wildcat414,6,3,3,0,,,,,,,,,5,5,4,5,2,4,4,3,3,4,,,,,,,,,,,37,87,50,43,70,1,0,719,0.133611756,,,,,8,323,396,0,0.011126565
Wildcat415,5,4,4,0,1,1,1,1,1,1,1,1,4,4,5,5,2,4,3,3,4,2,5,5,2,5,2,1,5,5,4,3,54,65,87,67,59,1,0,499,0.13924234,,,,,10,348,151,0,0.02004008
Wildcat416,5,4,3,0,1,2,1,1,3,2,2,1,5,4,5,5,1,4,4,5,5,4,5,5,1,5,1,1,5,4,1,4,76,13,52,45,69,1,0,107,0.206489155,,,,,7,31,76,0,0.065420561
Wildcat417,6,4,4,1,2,3,1,1,3,2,2,1,1,2,5,5,2,3,4,4,4,3,,,,,,,,,,,35,13,68,84,70,1,0,210,0.100022784,,,,,6,84,126,0,0.028571429
Wildcat418,4,4,6,1,3,2,2,2,3,3,5,4,5,4,5,5,1,5,4,4,5,4,5,5,1,5,1,1,5,5,1,3,58,16,87,86,38,1,0,830,0.122679379,,,,,0,501,328,1,0
Wildcat419,4,4,3,1,4,3,4,2,2,3,2,3,1,4,2,4,2,4,4,2,4,4,4,5,2,4,2,4,4,4,4,2,79,57,52,74,87,1,0,342,0.068031761,,,,,11,198,144,0,0.032163743
Wildcat420,6,4,3,0,4,4,3,1,4,4,5,4,1,4,4,3,1,3,4,5,3,5,5,2,1,5,1,4,5,5,4,3,61,62,87,64,56,1,0,892,0.060170716,,,,,15,450,442,0,0.016816143
Wildcat421,7,4,1,1,4,2,3,2,2,4,2,5,4,5,4,5,1,3,4,4,4,3,5,5,1,5,1,2,5,5,5,1,47,13,42,43,71,1,0,154,0.066717596,,,,,2,87,61,6,0.012987013
Wildcat422,6,4,,1,4,4,4,4,4,4,3,3,4,5,5,5,5,5,3,4,3,2,5,5,1,5,1,3,5,5,1,1,83,58,87,84,26,1,0,229,0.191028882,,,,,9,150,79,0,0.03930131
Wildcat423,6,4,3,1,4,3,4,3,3,3,5,3,5,4,5,5,1,4,4,5,5,5,5,4,2,5,1,1,5,5,5,3,60,75,87,65,55,1,0,485,0.041859078,,,,,30,228,257,0,0.06185567
Wildcat424,6,4,5,0,4,3,4,2,4,5,1,2,,,,,,,,,,,4,4,2,4,2,3,5,5,5,3,65,51,36,83,47,1,0,111,0.071416871,,,,,6,48,63,0,0.054054054
Wildcat425,6,4,6,1,5,3,5,4,4,5,3,2,1,4,5,5,1,5,3,5,5,2,,,,,,,,,,,,,,,,1,0,278,0.058696725,,,,,5,163,115,0,0.017985612
Wildcat426,5,4,3,0,5,4,5,5,5,2,5,4,4,3,3,4,2,4,3,4,4,4,5,4,1,4,2,4,4,4,1,3,47,54,56,84,54,1,0,460,0.140456569,,,,,3,239,221,0,0.006521739
Wildcat427,6,4,2,0,5,4,5,5,4,4,4,4,4,2,2,4,2,2,2,4,3,4,5,4,2,5,2,3,5,5,5,2,,,,,,1,0,264,0.184381841,,,,,5,110,154,0,0.018939394
Wildcat428,6,4,2,1,5,4,5,2,5,4,3,2,5,5,5,5,1,5,2,5,5,5,5,4,1,5,1,2,5,5,4,4,,,,,,1,0,177,0.074922958,,,,,4,117,60,0,0.02259887
Wildcat429,3,4,7,0,,,,,,,,,2,3,4,4,2,3,3,4,4,4,4,3,2,4,4,1,5,5,2,2,27,55,20,47,13,1,0,567,0.120801939,,,,,9,230,337,0,0.015873016
Wildcat430,6,,4,0,5,2,5,3,5,3,5,2,5,3,4,5,2,3,3,4,4,4,,,,,,,,,,,,,,,,1,0,552,0.070425314,,,,,40,303,249,0,0.072463768
Wildcat431,,,,,5,4,4,5,4,5,5,2,4,4,5,5,2,4,4,4,4,3,5,4,2,5,2,1,5,5,3,3,56,56,39,86,47,1,0,827,0.184230174,,,,,0,646,181,0,0
Wildcat432,,,,,,,,,,,,,3,4,1,2,4,5,4,4,3,2,,,,,,,,,,,41,31,13,26,23,1,0,864,0.012555792,,,,,36,722,142,0,0.041666667
